,시점,지역,사설학원수,대학교_숫자,중학생인원수변화,초등학생인원수변화,고등학생인원수변화,유치원원아수변화,대학생숫자
0,2007,경기도,15591,61,489548,951908,411732,135245,485552
1,2007,서울특별시,11549,50,375937,665227,355193,82461,541288
2,2007,경상남도,5844,19,138629,264776,137276,44188,139584
3,2007,부산광역시,4779,22,144991,242193,106501,37921,265238
4,2007,대구광역시,2929,11,113962,199471,105396,27908,124318
5,2007,인천광역시,2684,9,121864,214671,119431,29950,78372
6,2007,전라북도,3264,21,78859,149721,70584,19320,136767
7,2007,경상북도,3355,38,101636,196170,95208,32761,234466
8,2007,광주광역시,2420,16,71033,132619,61746,17300,120389
9,2007,충청남도,2660,23,78026,153984,67989,21028,228429
10,2007,전라남도,2637,21,76055,148376,69373,19325,94681
11,2007,울산광역시,2346,3,55201,99281,48604,16702,31744
12,2007,충청북도,2221,15,64291,120998,60828,15997,125061
13,2007,대전광역시,2128,15,67626,125583,56073,21270,147231
14,2007,강원도,2315,18,59834,114973,54504,14904,128006
15,2007,제주특별자치도,927,6,25667,50047,20936,5270,29593
16,2007,세종특별자치시,0,0,0,0,0,0,0
17,2008,경기도,16566,62,488203,920586,436635,136558,499789
18,2008,서울특별시,12006,49,365579,633486,361942,82144,527195
19,2008,경상남도,6055,19,138290,254368,139134,43158,136814
20,2008,부산광역시,4751,22,139913,227494,111480,36833,266666
21,2008,대구광역시,2978,11,112708,189585,107627,27329,124567
22,2008,인천광역시,2879,9,118916,205781,124398,31368,78175
23,2008,전라북도,3313,20,78526,143293,72218,18834,134131
24,2008,경상북도,3306,36,100182,187309,96807,31883,232864
25,2008,광주광역시,2760,16,71092,127758,64359,17091,116577
26,2008,충청남도,2825,23,78437,150382,70264,21498,231473
27,2008,전라남도,2727,21,75460,141424,72153,18593,90902
28,2008,울산광역시,2495,3,54737,94111,50725,16245,31913
29,2008,충청북도,2276,15,64261,116711,63038,15359,125438
30,2008,대전광역시,2134,15,67431,120881,58398,21491,147020
31,2008,강원도,2322,18,59168,110747,55496,14422,128506
32,2008,제주특별자치도,936,5,25708,48291,22304,5016,29253
33,2008,세종특별자치시,0,0,0,0,0,0,0
34,2009,경기도,17613,62,484656,880141,456897,137566,504165
35,2009,서울특별시,12086,49,355838,598514,368075,79704,533420
36,2009,경상남도,6059,19,137403,240129,140623,44273,129953
37,2009,부산광역시,4751,22,134976,210826,114382,36652,270828
38,2009,대구광역시,3435,11,110449,178029,110245,27570,123998
39,2009,인천광역시,2853,9,115198,193210,129551,31858,79547
40,2009,전라북도,3479,20,77765,135336,74716,19130,132779
41,2009,경상북도,3446,36,98685,175577,98328,31747,232813
42,2009,광주광역시,2211,16,70471,121590,67089,17193,116786
43,2009,충청남도,2902,23,78369,143961,72268,22098,235383
44,2009,전라남도,2829,21,75119,132503,75306,18099,90337
45,2009,울산광역시,2649,4,53625,87693,52664,15978,32982
46,2009,충청북도,2393,16,63516,110757,64931,15263,126112
47,2009,대전광역시,2208,14,66925,114621,60598,20899,146316
48,2009,강원도,2393,18,58605,105480,56683,14343,126994
49,2009,제주특별자치도,935,5,25372,46028,23436,4988,28806
50,2009,세종특별자치시,0,0,0,0,0,0,0
51,2010,경기도,18146,62,482170,848135,461461,141626,502722
52,2010,서울특별시,13168,49,345413,566149,362466,78789,553674
53,2010,경상남도,6291,20,135600,227813,136665,43958,129357
54,2010,부산광역시,4860,22,129285,197397,113247,36433,274946
55,2010,대구광역시,3910,11,108082,167548,109300,27178,125759
56,2010,인천광역시,2924,8,112142,183261,130009,32521,78511
57,2010,전라북도,3842,20,76583,126869,75708,19677,132730
58,2010,경상북도,3572,36,97491,164230,97767,31263,234786
59,2010,광주광역시,2476,16,70352,115827,67750,17165,117771
60,2010,충청남도,3077,23,78580,138404,72493,22693,240699
61,2010,전라남도,2897,21,74251,123912,76857,17736,90228
62,2010,울산광역시,2632,4,52213,81678,52424,15421,34125
63,2010,충청북도,2489,16,63120,105026,64794,14924,128410
64,2010,대전광역시,2218,14,65904,109013,60897,20323,147387
65,2010,강원도,2456,18,58408,99797,56711,14137,131027
66,2010,제주특별자치도,994,5,25204,44035,23807,4743,29150
67,2010,세종특별자치시,0,0,0,0,0,0,0
68,2011,경기도,18674,63,472878,814927,462456,150966,509167
69,2011,서울특별시,13477,49,330219,535948,353632,81237,555787
70,2011,경상남도,5970,20,131677,215383,131894,45297,130948
71,2011,부산광역시,5026,22,121918,184983,110409,38310,276245
72,2011,대구광역시,3746,11,102493,157693,108190,28669,126260
73,2011,인천광역시,2831,8,107234,173598,130026,34592,79155
74,2011,전라북도,3956,20,74593,119592,75599,21057,134272
75,2011,경상북도,3735,36,93999,155146,96602,32719,238438
76,2011,광주광역시,2281,17,68761,109760,68049,18549,118071
77,2011,충청남도,2944,23,77771,132962,72350,24095,242988
78,2011,전라남도,2891,21,71837,115550,77453,17854,89915
79,2011,울산광역시,2600,4,49934,76596,51943,16225,35026
80,2011,충청북도,2435,16,61590,99902,64132,15317,130699
81,2011,대전광역시,2168,15,63791,103852,60674,20874,153845
82,2011,강원도,2474,19,57321,94442,56520,14226,134822
83,2011,제주특별자치도,957,5,24556,42143,23869,4847,29708
84,2011,세종특별자치시,0,0,0,0,0,0,0
85,2012,경기도,18530,62,463600,775163,462490,166705,498389
86,2012,서울특별시,13688,48,315241,502000,344391,87997,574067
87,2012,경상남도,5916,20,127510,202320,126984,47731,130688
88,2012,부산광역시,4859,22,114936,172069,107592,41246,277133
89,2012,대구광역시,3542,11,98316,146899,105968,31657,126354
90,2012,인천광역시,3338,7,103593,164928,129209,38162,75089
91,2012,전라북도,4005,20,72040,112640,75006,22250,134813
92,2012,경상북도,3696,36,91614,144918,95917,35433,235751
93,2012,광주광역시,2038,17,66937,102912,67576,20445,116977
94,2012,충청남도,2738,23,76604,127260,72106,25767,243667
95,2012,전라남도,2845,19,69647,107133,78005,18519,86621
96,2012,울산광역시,2535,4,47785,71544,50964,17649,35944
97,2012,충청북도,2393,16,59452,94507,63496,16792,132588
98,2012,대전광역시,2167,15,61598,98665,60067,23179,153324
99,2012,강원도,2335,19,56162,88865,56519,15158,137281
100,2012,제주특별자치도,980,4,24059,40172,23797,5059,29482
101,2012,세종특별자치시,90,0,0,0,0,0,0
102,2013,경기도,18134,62,458220,739619,460580,182231,499221
103,2013,서울특별시,13405,48,304251,469392,334123,92400,570583
104,2013,경상남도,5662,20,124566,190166,122060,50370,129823
105,2013,부산광역시,4638,22,110454,160821,105310,44217,274955
106,2013,대구광역시,3639,11,94394,136309,103666,34550,130792
107,2013,인천광역시,3198,7,100776,157918,127457,41594,75060
108,2013,전라북도,3933,20,70602,105135,74621,23266,131655
109,2013,경상북도,3594,35,89128,135237,95018,37230,226828
110,2013,광주광역시,3368,17,65124,96055,67374,22676,116534
111,2013,충청남도,2684,20,72867,116216,71790,26411,215353
112,2013,전라남도,2787,19,67888,99206,75837,18895,85497
113,2013,울산광역시,2303,4,45860,67156,49863,19032,36162
114,2013,충청북도,2365,16,57623,88860,62812,17446,134245
115,2013,대전광역시,2159,15,59997,93398,58950,25263,151320
116,2013,강원도,2326,18,54755,83187,56601,16007,138500
117,2013,제주특별자치도,978,4,23887,38235,23713,5295,29758
118,2013,세종특별자치시,108,2,3797,7090,3528,1305,25608
119,2014,경기도,18074,61,439888,732307,452698,181812,482796
120,2014,서울특별시,13671,48,286826,457517,320398,91195,575724
121,2014,경상남도,5885,21,118400,186973,115580,49011,128959
122,2014,부산광역시,4529,22,104128,155754,101513,43909,273109
123,2014,대구광역시,3651,11,89291,131765,98916,34554,128645
124,2014,인천광역시,3167,7,96490,156740,123853,40369,72961
125,2014,전라북도,3989,20,67182,101860,73433,23296,130363
126,2014,경상북도,3842,34,85118,131307,92328,37274,223541
127,2014,광주광역시,3497,17,61682,93163,65636,22288,117615
128,2014,충청남도,2732,21,70209,115056,70238,26096,215287
129,2014,전라남도,2853,19,64300,95720,74903,18951,83456
130,2014,울산광역시,2351,4,43150,65810,47877,18336,35759
131,2014,충청북도,2350,16,54970,86508,61009,17489,134283
132,2014,대전광역시,2086,15,56765,91599,57924,25024,150697
133,2014,강원도,2253,18,51976,80458,55974,15947,138504
134,2014,제주특별자치도,999,4,23380,37915,23221,5296,30239
135,2014,세종특별자치시,101,2,4156,8057,3871,1699,25557
136,2015,경기도,20106,60,409810,733359,444554,191293,471130
137,2015,서울특별시,13989,48,263466,450675,308306,91394,567207
138,2015,경상남도,5945,21,108732,187075,109773,50580,126509
139,2015,부산광역시,4696,22,95020,154283,98764,45175,265792
140,2015,대구광역시,3639,11,80982,129583,95199,36951,126257
141,2015,인천광역시,3209,7,89337,157099,120084,42389,71500
142,2015,전라북도,3975,20,62444,100260,71544,25059,129924
143,2015,경상북도,3507,34,77581,129743,90238,38663,218978
144,2015,광주광역시,3535,17,56563,91862,63937,23741,116106
145,2015,충청남도,2758,21,65223,115484,68407,27141,209487
146,2015,전라남도,2737,19,58806,94368,73563,19983,81302
147,2015,울산광역시,2479,4,39040,66134,46140,19177,35423
148,2015,충청북도,2338,16,50707,85290,58598,18305,133173
149,2015,대전광역시,2210,15,52215,89464,56227,25660,150477
150,2015,강원도,2185,18,48073,78414,54836,17387,135726
151,2015,제주특별자치도,1006,4,22051,38164,22984,5547,30512
152,2015,세종특별자치시,169,2,5901,13353,5112,4108,24902
153,2016,경기도,19465,60,381082,727380,440319,196618,461255
154,2016,서울특별시,13974,48,239912,436121,299556,91026,562690
155,2016,경상남도,5907,21,99401,185325,105793,52486,122471
156,2016,부산광역시,4708,22,86650,151207,96539,46628,258579
157,2016,대구광역시,3744,11,73925,125541,91904,38865,123536
158,2016,인천광역시,3395,7,82893,155590,117575,44625,70023
159,2016,전라북도,4040,20,56923,97895,70449,26389,126832
160,2016,경상북도,3568,34,70468,127825,88456,40185,211544
161,2016,광주광역시,3534,17,51511,89095,62357,24790,113624
162,2016,충청남도,2782,21,60196,115309,66973,28288,202721
163,2016,전라남도,2652,19,53181,92981,73039,20801,79167
164,2016,울산광역시,2542,4,35343,65629,44558,19604,34540
165,2016,충청북도,2320,16,46287,84052,57087,18932,129138
166,2016,대전광역시,2235,15,47646,85939,54937,25921,147795
167,2016,강원도,2187,18,43999,76772,53516,18149,132608
168,2016,제주특별자치도,996,4,20629,38272,22936,5943,30399
169,2016,세종특별자치시,257,2,7444,17910,6463,4888,24247
170,2017,경기도,20195,60,366856,733941,422839,194299,452326
171,2017,서울특별시,14189,48,227001,428333,282968,88987,560323
172,2017,경상남도,6052,21,93843,186619,99662,51647,118729
173,2017,부산광역시,4748,22,80719,150863,92195,45853,250518
174,2017,대구광역시,3815,11,68893,124708,86664,38936,120802
175,2017,인천광역시,3585,7,78826,156470,111618,44009,68157
176,2017,전라북도,3971,20,53303,97383,67149,25768,123601
177,2017,경상북도,3677,34,65906,127642,84926,39836,203602
178,2017,광주광역시,3556,17,47900,88189,58976,24654,111946
179,2017,충청남도,2883,21,57544,116963,63631,28242,197168
180,2017,전라남도,2797,19,49642,93233,70405,20710,75866
181,2017,울산광역시,2566,4,32931,66016,41930,19571,33446
182,2017,충청북도,2298,16,43530,84240,53770,18351,126957
183,2017,대전광역시,2224,15,44961,84240,52306,25067,143245
184,2017,강원도,2223,18,41274,75722,50599,17438,129130
185,2017,제주특별자치도,994,4,19603,38901,22422,5893,30144
186,2017,세종특별자치시,357,2,8602,20764,7639,5370,23562
187,2018,경기도,20781,61,358438,752499,393008,189645,443895
188,2018,서울특별시,14080,48,216330,424800,259554,85213,560944
189,2018,경상남도,5976,21,90851,191016,90667,51276,115431
190,2018,부산광역시,4666,22,77021,152775,84916,44361,245402
191,2018,대구광역시,3901,11,66165,125160,78245,38475,118165
192,2018,인천광역시,3702,7,76565,158871,102461,42324,68441
193,2018,전라북도,3938,19,50859,97606,62354,24297,120766
194,2018,경상북도,3540,33,63540,129290,77945,38961,195774
195,2018,광주광역시,3402,17,45437,88622,53891,24609,111046
196,2018,충청남도,2961,21,56595,120152,58249,27991,191722
197,2018,전라남도,2691,19,47270,94134,65509,19670,74338
198,2018,울산광역시,2586,4,31906,67290,37687,18545,32602
199,2018,충청북도,2249,17,41869,85344,49332,17568,123135
200,2018,대전광역시,2223,15,42675,83453,48369,24012,141291
201,2018,강원도,2200,18,39391,75412,46727,16561,125143
202,2018,제주특별자치도,1017,4,19306,40096,21088,6097,30055
203,2018,세종특별자치시,499,3,10070,24865,8574,6393,23165
204,2019,경기도,21145,61,353032,769744,364168,176782,437390
205,2019,서울특별시,14044,48,207413,422293,236689,78009,562971
206,2019,경상남도,5972,21,88668,194606,82132,49068,111845
207,2019,부산광역시,4790,22,73338,155589,78401,42240,238814
208,2019,대구광역시,3948,11,62539,126122,70945,36185,116125
209,2019,인천광역시,3747,7,74458,160853,93849,39373,67980
210,2019,전라북도,3865,19,48648,97731,56769,22025,118227
211,2019,경상북도,3542,33,61393,131374,71272,36723,189481
212,2019,광주광역시,3472,17,43068,88990,49048,23252,109105
213,2019,충청남도,2923,21,56031,122424,52755,26671,187859
214,2019,전라남도,2703,19,45663,94952,60433,18682,72187
215,2019,울산광역시,2540,4,30935,68512,33866,17266,32248
216,2019,충청북도,2230,17,40839,86709,44895,16629,118816
217,2019,대전광역시,2201,15,40732,82743,44053,22898,138739
218,2019,강원도,2182,18,37701,75617,42570,15388,122703
219,2019,제주특별자치도,1026,4,18899,41068,19707,6181,29634
220,2019,세종특별자치시,607,3,11202,27892,9475,6541,22734
221,2020,경기도,21716,61,362917,761731,350199,169686,433276
222,2020,서울특별시,13992,48,207081,409536,224316,74657,563889
223,2020,경상남도,5972,21,91164,190849,76573,47191,107580
224,2020,부산광역시,4938,22,73749,153527,74886,40765,230984
225,2020,대구광역시,3941,11,62563,122587,65807,35651,114809
226,2020,인천광역시,3904,7,76346,156928,89026,38319,67160
227,2020,전라북도,3853,19,48873,94661,52932,21188,116780
228,2020,경상북도,3529,33,62499,129079,66899,35478,186264
229,2020,광주광역시,3439,17,43415,86419,45612,23220,108225
230,2020,충청남도,2939,21,57541,120115,49112,25594,184548
231,2020,전라남도,2687,19,46050,92405,57791,17889,69626
232,2020,울산광역시,2503,4,31797,67397,31391,16882,32080
233,2020,충청북도,2232,17,41458,85135,42488,16049,116655
234,2020,대전광역시,2198,15,40694,79807,41549,22132,134526
235,2020,강원도,2179,17,37836,73478,39806,14679,116054
236,2020,제주특별자치도,1051,4,19468,40575,18679,6395,28773
237,2020,세종특별자치시,689,3,12395,29487,10246,6763,22558
238,2021,경기도,21688,61,378472,763912,345024,161980,416739
239,2021,서울특별시,13809,48,209749,399435,216319,69958,560242
240,2021,경상남도,5995,20,94538,189176,73499,45144,101910
241,2021,부산광역시,5000,21,75357,153921,73573,38651,220221
242,2021,대구광역시,3968,11,62755,121308,63074,33958,109881
243,2021,인천광역시,3897,7,78333,155271,86627,36170,65844
244,2021,전라북도,3875,18,49347,92914,50532,20022,113242
245,2021,경상북도,3551,33,63732,127912,64967,33375,178369
246,2021,광주광역시,3433,17,43942,84998,43694,22198,104086
247,2021,충청남도,2926,21,59514,118771,46781,24556,178834
248,2021,전라남도,2677,19,46971,91229,56671,17276,65323
249,2021,울산광역시,2461,4,32766,66919,30535,15871,31159
250,2021,충청북도,2268,17,42438,84263,40840,15576,111733
251,2021,대전광역시,2237,15,41158,77884,40246,21276,128059
252,2021,강원도,2188,17,37887,72373,38374,13684,109330
253,2021,제주특별자치도,1095,4,19989,41328,18391,6277,27494
254,2021,세종특별자치시,800,3,13822,30726,10818,6600,21777
255,2022,경기도,23222,61,380345,767346,340895,153149,402465
256,2022,서울특별시,14414,48,205387,393565,207388,66524,552173
257,2022,경상남도,6205,20,95037,187423,70161,42385,94829
258,2022,부산광역시,5164,21,74941,154858,71760,36308,209360
259,2022,대구광역시,4146,11,61975,121485,59373,32272,105786
260,2022,인천광역시,4126,7,78827,155906,84613,35427,63977
261,2022,전라북도,3961,18,49084,91290,48265,18740,108118
262,2022,경상북도,3645,33,63810,127385,62986,31365,171561
263,2022,광주광역시,3524,17,43586,83929,41693,20998,101125
264,2022,충청남도,3072,21,59883,118228,44913,23647,173254
265,2022,전라남도,2752,19,46826,90238,56081,16285,61761
266,2022,울산광역시,2584,4,32966,66450,29557,14779,30129
267,2022,충청북도,2381,17,42601,83827,39153,14993,107511
268,2022,대전광역시,2294,15,40303,76960,39112,20405,123835
269,2022,강원도,2264,17,37922,71530,36821,13168,104253
270,2022,제주특별자치도,1167,4,20126,41628,18093,5945,25964
271,2022,세종특별자치시,920,3,14809,32230,11484,6422,21253
